"Ausgangsjahr","Reihenfolge_Gewalttitel","Gewalttitel","Reihenfolge_Tatbestand","Tatbestand","Tatmittel","Straftaten_total","Straftaten_vollendet","Straftaten_versucht","Einwohner","Häufigkeitszahl"
2009,1,Schwere Gewalt (angewandt),12,Tötungsdelikte (Art.111-113/116),Schusswaffe,13,5,8,1348094,0
2009,1,Schwere Gewalt (angewandt),13,Tötungsdelikte (Art.111-113/116),Schneid-/Stichwaffe,17,1,16,1348094,0
2009,1,Schwere Gewalt (angewandt),14,Tötungsdelikte (Art.111-113/116),Schlag-/Hiebwaffe,0,0,0,1348094,0
2009,1,Schwere Gewalt (angewandt),15,Tötungsdelikte (Art.111-113/116),Körpergewalt,7,1,6,1348094,0
2009,1,Schwere Gewalt (angewandt),16,Tötungsdelikte (Art.111-113/116),anderes Tatmittel,2,1,1,1348094,0
2009,1,Schwere Gewalt (angewandt),17,Tötungsdelikte (Art.111-113/116),ohne Angabe/unbekannt,4,1,3,1348094,0
2009,1,Schwere Gewalt (angewandt),26,Schwere Körperverletzung (Art. 122),Schusswaffe,4,4,0,1348094,0
2009,1,Schwere Gewalt (angewandt),27,Schwere Körperverletzung (Art. 122),Schneid-/Stichwaffe,33,30,3,1348094,0
2009,1,Schwere Gewalt (angewandt),28,Schwere Körperverletzung (Art. 122),Schlag-/Hiebwaffe,7,4,3,1348094,0
2009,1,Schwere Gewalt (angewandt),29,Schwere Körperverletzung (Art. 122),Körpergewalt,136,134,2,1348094,0.1
2009,1,Schwere Gewalt (angewandt),30,Schwere Körperverletzung (Art. 122),anderes Tatmittel,40,37,3,1348094,0
2009,1,Schwere Gewalt (angewandt),31,Schwere Körperverletzung (Art. 122),ohne Angabe/unbekannt,7,6,1,1348094,0
2009,1,Schwere Gewalt (angewandt),33,Geiselnahme (Art. 185),,0,0,0,1348094,0
2009,1,Schwere Gewalt (angewandt),34,Vergewaltigung (Art. 190),,149,130,19,1348094,0.1
2009,1,Schwere Gewalt (angewandt),35,Raub (Art.140 Ziff. 4),,17,12,5,1348094,0
2009,2,Minderschwere Gewalt (angewandt evtl. angedroht),41,Einfache Körperverletzung (Art. 123),,1804,1778,26,1348094,1.3
2009,2,Minderschwere Gewalt (angewandt evtl. angedroht),42,Tätlichkeiten (Art. 126),,2931,2931,0,1348094,2.2
2009,2,Minderschwere Gewalt (angewandt evtl. angedroht),43,Beteiligung Raufhandel (Art. 133),,261,261,0,1348094,0.2
2009,2,Minderschwere Gewalt (angewandt evtl. angedroht),44,Beteiligung Angriff (Art. 134),,691,691,0,1348094,0.5
2009,2,Minderschwere Gewalt (angewandt evtl. angedroht),45,Raub (Art. 140 Ziff. 1-3),,867,743,124,1348094,0.6
2009,2,Minderschwere Gewalt (angewandt evtl. angedroht),46,Nötigung (Art. 181),,726,654,72,1348094,0.5
2009,2,Minderschwere Gewalt (angewandt evtl. angedroht),48,Freiheitsberaubung/Entführung (Art. 183),,98,98,0,1348094,0.1
2009,2,Minderschwere Gewalt (angewandt evtl. angedroht),49,Freiheitsberaubung/Entführung schwerer Fall (Art. 184),,0,0,0,1348094,0
2009,2,Minderschwere Gewalt (angewandt evtl. angedroht),50,Sexueller Übergriff und sexuelle Nötigung (Art. 189),,209,201,8,1348094,0.2
2009,2,Minderschwere Gewalt (angewandt evtl. angedroht),51,Gewalt und Drohung gegen Behörden und Beamte (Art. 285),,438,438,0,1348094,0.3
2009,2,Minderschwere Gewalt (angewandt evtl. angedroht),52,Erpressung (Art. 156 Ziff. 3),,0,0,0,1348094,0
2009,3,Minderschwere Gewalt (angedroht),61,Drohung (Art. 180),,2064,2062,2,1348094,1.5
2009,3,Minderschwere Gewalt (angedroht),62,"Erpressung (Art. 156 Ziff. 1,2,4)",,71,57,14,1348094,0.1
2010,1,Schwere Gewalt (angewandt),12,Tötungsdelikte (Art.111-113/116),Schusswaffe,4,0,4,1359435,0
2010,1,Schwere Gewalt (angewandt),13,Tötungsdelikte (Art.111-113/116),Schneid-/Stichwaffe,20,6,14,1359435,0
2010,1,Schwere Gewalt (angewandt),14,Tötungsdelikte (Art.111-113/116),Schlag-/Hiebwaffe,4,2,2,1359435,0
2010,1,Schwere Gewalt (angewandt),15,Tötungsdelikte (Art.111-113/116),Körpergewalt,7,3,4,1359435,0
2010,1,Schwere Gewalt (angewandt),16,Tötungsdelikte (Art.111-113/116),anderes Tatmittel,3,1,2,1359435,0
2010,1,Schwere Gewalt (angewandt),17,Tötungsdelikte (Art.111-113/116),ohne Angabe/unbekannt,3,2,1,1359435,0
2010,1,Schwere Gewalt (angewandt),26,Schwere Körperverletzung (Art. 122),Schusswaffe,5,5,0,1359435,0
2010,1,Schwere Gewalt (angewandt),27,Schwere Körperverletzung (Art. 122),Schneid-/Stichwaffe,39,37,2,1359435,0
2010,1,Schwere Gewalt (angewandt),28,Schwere Körperverletzung (Art. 122),Schlag-/Hiebwaffe,6,6,0,1359435,0
2010,1,Schwere Gewalt (angewandt),29,Schwere Körperverletzung (Art. 122),Körpergewalt,92,89,3,1359435,0.1
2010,1,Schwere Gewalt (angewandt),30,Schwere Körperverletzung (Art. 122),anderes Tatmittel,18,16,2,1359435,0
2010,1,Schwere Gewalt (angewandt),31,Schwere Körperverletzung (Art. 122),ohne Angabe/unbekannt,7,7,0,1359435,0
2010,1,Schwere Gewalt (angewandt),33,Geiselnahme (Art. 185),,1,1,0,1359435,0
2010,1,Schwere Gewalt (angewandt),34,Vergewaltigung (Art. 190),,136,121,15,1359435,0.1
2010,1,Schwere Gewalt (angewandt),35,Raub (Art.140 Ziff. 4),,9,7,2,1359435,0
2010,2,Minderschwere Gewalt (angewandt evtl. angedroht),41,Einfache Körperverletzung (Art. 123),,1594,1568,26,1359435,1.2
2010,2,Minderschwere Gewalt (angewandt evtl. angedroht),42,Tätlichkeiten (Art. 126),,2943,2943,0,1359435,2.2
2010,2,Minderschwere Gewalt (angewandt evtl. angedroht),43,Beteiligung Raufhandel (Art. 133),,277,277,0,1359435,0.2
2010,2,Minderschwere Gewalt (angewandt evtl. angedroht),44,Beteiligung Angriff (Art. 134),,554,550,4,1359435,0.4
2010,2,Minderschwere Gewalt (angewandt evtl. angedroht),45,Raub (Art. 140 Ziff. 1-3),,615,537,78,1359435,0.5
2010,2,Minderschwere Gewalt (angewandt evtl. angedroht),46,Nötigung (Art. 181),,683,608,75,1359435,0.5
2010,2,Minderschwere Gewalt (angewandt evtl. angedroht),48,Freiheitsberaubung/Entführung (Art. 183),,74,72,2,1359435,0.1
2010,2,Minderschwere Gewalt (angewandt evtl. angedroht),49,Freiheitsberaubung/Entführung schwerer Fall (Art. 184),,0,0,0,1359435,0
2010,2,Minderschwere Gewalt (angewandt evtl. angedroht),50,Sexueller Übergriff und sexuelle Nötigung (Art. 189),,202,192,10,1359435,0.1
2010,2,Minderschwere Gewalt (angewandt evtl. angedroht),51,Gewalt und Drohung gegen Behörden und Beamte (Art. 285),,516,516,0,1359435,0.4
2010,2,Minderschwere Gewalt (angewandt evtl. angedroht),52,Erpressung (Art. 156 Ziff. 3),,0,0,0,1359435,0
2010,3,Minderschwere Gewalt (angedroht),61,Drohung (Art. 180),,1701,1696,5,1359435,1.3
2010,3,Minderschwere Gewalt (angedroht),62,"Erpressung (Art. 156 Ziff. 1,2,4)",,81,66,15,1359435,0.1
2011,1,Schwere Gewalt (angewandt),12,Tötungsdelikte (Art.111-113/116),Schusswaffe,3,2,1,1383117,0
2011,1,Schwere Gewalt (angewandt),13,Tötungsdelikte (Art.111-113/116),Schneid-/Stichwaffe,22,0,22,1383117,0
2011,1,Schwere Gewalt (angewandt),14,Tötungsdelikte (Art.111-113/116),Schlag-/Hiebwaffe,0,0,0,1383117,0
2011,1,Schwere Gewalt (angewandt),15,Tötungsdelikte (Art.111-113/116),Körpergewalt,7,0,7,1383117,0
2011,1,Schwere Gewalt (angewandt),16,Tötungsdelikte (Art.111-113/116),anderes Tatmittel,3,1,2,1383117,0
2011,1,Schwere Gewalt (angewandt),17,Tötungsdelikte (Art.111-113/116),ohne Angabe/unbekannt,6,0,6,1383117,0
2011,1,Schwere Gewalt (angewandt),26,Schwere Körperverletzung (Art. 122),Schusswaffe,9,8,1,1383117,0
2011,1,Schwere Gewalt (angewandt),27,Schwere Körperverletzung (Art. 122),Schneid-/Stichwaffe,23,22,1,1383117,0
2011,1,Schwere Gewalt (angewandt),28,Schwere Körperverletzung (Art. 122),Schlag-/Hiebwaffe,7,7,0,1383117,0
2011,1,Schwere Gewalt (angewandt),29,Schwere Körperverletzung (Art. 122),Körpergewalt,65,65,0,1383117,0
2011,1,Schwere Gewalt (angewandt),30,Schwere Körperverletzung (Art. 122),anderes Tatmittel,16,14,2,1383117,0
2011,1,Schwere Gewalt (angewandt),31,Schwere Körperverletzung (Art. 122),ohne Angabe/unbekannt,12,12,0,1383117,0
2011,1,Schwere Gewalt (angewandt),33,Geiselnahme (Art. 185),,1,1,0,1383117,0
2011,1,Schwere Gewalt (angewandt),34,Vergewaltigung (Art. 190),,143,121,22,1383117,0.1
2011,1,Schwere Gewalt (angewandt),35,Raub (Art.140 Ziff. 4),,10,8,2,1383117,0
2011,2,Minderschwere Gewalt (angewandt evtl. angedroht),41,Einfache Körperverletzung (Art. 123),,1676,1653,23,1383117,1.2
2011,2,Minderschwere Gewalt (angewandt evtl. angedroht),42,Tätlichkeiten (Art. 126),,2486,2486,0,1383117,1.8
2011,2,Minderschwere Gewalt (angewandt evtl. angedroht),43,Beteiligung Raufhandel (Art. 133),,161,161,0,1383117,0.1
2011,2,Minderschwere Gewalt (angewandt evtl. angedroht),44,Beteiligung Angriff (Art. 134),,552,552,0,1383117,0.4
2011,2,Minderschwere Gewalt (angewandt evtl. angedroht),45,Raub (Art. 140 Ziff. 1-3),,690,592,98,1383117,0.5
2011,2,Minderschwere Gewalt (angewandt evtl. angedroht),46,Nötigung (Art. 181),,590,522,68,1383117,0.4
2011,2,Minderschwere Gewalt (angewandt evtl. angedroht),48,Freiheitsberaubung/Entführung (Art. 183),,48,48,0,1383117,0
2011,2,Minderschwere Gewalt (angewandt evtl. angedroht),49,Freiheitsberaubung/Entführung schwerer Fall (Art. 184),,0,0,0,1383117,0
2011,2,Minderschwere Gewalt (angewandt evtl. angedroht),50,Sexueller Übergriff und sexuelle Nötigung (Art. 189),,175,164,11,1383117,0.1
2011,2,Minderschwere Gewalt (angewandt evtl. angedroht),51,Gewalt und Drohung gegen Behörden und Beamte (Art. 285),,547,547,0,1383117,0.4
2011,2,Minderschwere Gewalt (angewandt evtl. angedroht),52,Erpressung (Art. 156 Ziff. 3),,0,0,0,1383117,0
2011,3,Minderschwere Gewalt (angedroht),61,Drohung (Art. 180),,1589,1589,0,1383117,1.1
2011,3,Minderschwere Gewalt (angedroht),62,"Erpressung (Art. 156 Ziff. 1,2,4)",,45,34,11,1383117,0
2012,1,Schwere Gewalt (angewandt),12,Tötungsdelikte (Art.111-113/116),Schusswaffe,5,2,3,1392396,0
2012,1,Schwere Gewalt (angewandt),13,Tötungsdelikte (Art.111-113/116),Schneid-/Stichwaffe,13,2,11,1392396,0
2012,1,Schwere Gewalt (angewandt),14,Tötungsdelikte (Art.111-113/116),Schlag-/Hiebwaffe,0,0,0,1392396,0
2012,1,Schwere Gewalt (angewandt),15,Tötungsdelikte (Art.111-113/116),Körpergewalt,2,1,1,1392396,0
2012,1,Schwere Gewalt (angewandt),16,Tötungsdelikte (Art.111-113/116),anderes Tatmittel,5,0,5,1392396,0
2012,1,Schwere Gewalt (angewandt),17,Tötungsdelikte (Art.111-113/116),ohne Angabe/unbekannt,3,1,2,1392396,0
2012,1,Schwere Gewalt (angewandt),26,Schwere Körperverletzung (Art. 122),Schusswaffe,4,3,1,1392396,0
2012,1,Schwere Gewalt (angewandt),27,Schwere Körperverletzung (Art. 122),Schneid-/Stichwaffe,38,37,1,1392396,0
2012,1,Schwere Gewalt (angewandt),28,Schwere Körperverletzung (Art. 122),Schlag-/Hiebwaffe,6,5,1,1392396,0
2012,1,Schwere Gewalt (angewandt),29,Schwere Körperverletzung (Art. 122),Körpergewalt,108,105,3,1392396,0.1
2012,1,Schwere Gewalt (angewandt),30,Schwere Körperverletzung (Art. 122),anderes Tatmittel,23,17,6,1392396,0
2012,1,Schwere Gewalt (angewandt),31,Schwere Körperverletzung (Art. 122),ohne Angabe/unbekannt,23,23,0,1392396,0
2012,1,Schwere Gewalt (angewandt),32,Verstümmelung weiblicher Genitalien (Art. 124),,0,0,0,1392396,0
2012,1,Schwere Gewalt (angewandt),33,Geiselnahme (Art. 185),,0,0,0,1392396,0
2012,1,Schwere Gewalt (angewandt),34,Vergewaltigung (Art. 190),,127,113,14,1392396,0.1
2012,1,Schwere Gewalt (angewandt),35,Raub (Art.140 Ziff. 4),,10,10,0,1392396,0
2012,2,Minderschwere Gewalt (angewandt evtl. angedroht),41,Einfache Körperverletzung (Art. 123),,1509,1490,19,1392396,1.1
2012,2,Minderschwere Gewalt (angewandt evtl. angedroht),42,Tätlichkeiten (Art. 126),,2410,2410,0,1392396,1.7
2012,2,Minderschwere Gewalt (angewandt evtl. angedroht),43,Beteiligung Raufhandel (Art. 133),,165,165,0,1392396,0.1
2012,2,Minderschwere Gewalt (angewandt evtl. angedroht),44,Beteiligung Angriff (Art. 134),,537,537,0,1392396,0.4
2012,2,Minderschwere Gewalt (angewandt evtl. angedroht),45,Raub (Art. 140 Ziff. 1-3),,850,712,138,1392396,0.6
2012,2,Minderschwere Gewalt (angewandt evtl. angedroht),46,Nötigung (Art. 181),,738,655,83,1392396,0.5
2012,2,Minderschwere Gewalt (angewandt evtl. angedroht),48,Freiheitsberaubung/Entführung (Art. 183),,57,55,2,1392396,0
2012,2,Minderschwere Gewalt (angewandt evtl. angedroht),49,Freiheitsberaubung/Entführung schwerer Fall (Art. 184),,1,1,0,1392396,0
2012,2,Minderschwere Gewalt (angewandt evtl. angedroht),50,Sexueller Übergriff und sexuelle Nötigung (Art. 189),,180,173,7,1392396,0.1
2012,2,Minderschwere Gewalt (angewandt evtl. angedroht),51,Gewalt und Drohung gegen Behörden und Beamte (Art. 285),,505,505,0,1392396,0.4
2012,2,Minderschwere Gewalt (angewandt evtl. angedroht),52,Erpressung (Art. 156 Ziff. 3),,0,0,0,1392396,0
2012,3,Minderschwere Gewalt (angedroht),61,Drohung (Art. 180),,1832,1830,2,1392396,1.3
2012,3,Minderschwere Gewalt (angedroht),62,"Erpressung (Art. 156 Ziff. 1,2,4)",,58,41,17,1392396,0
2013,1,Schwere Gewalt (angewandt),12,Tötungsdelikte (Art.111-113/116),Schusswaffe,7,1,6,1408575,0
2013,1,Schwere Gewalt (angewandt),13,Tötungsdelikte (Art.111-113/116),Schneid-/Stichwaffe,8,1,7,1408575,0
2013,1,Schwere Gewalt (angewandt),14,Tötungsdelikte (Art.111-113/116),Schlag-/Hiebwaffe,2,1,1,1408575,0
2013,1,Schwere Gewalt (angewandt),15,Tötungsdelikte (Art.111-113/116),Körpergewalt,7,1,6,1408575,0
2013,1,Schwere Gewalt (angewandt),16,Tötungsdelikte (Art.111-113/116),anderes Tatmittel,0,0,0,1408575,0
2013,1,Schwere Gewalt (angewandt),17,Tötungsdelikte (Art.111-113/116),ohne Angabe/unbekannt,4,1,3,1408575,0
2013,1,Schwere Gewalt (angewandt),26,Schwere Körperverletzung (Art. 122),Schusswaffe,1,1,0,1408575,0
2013,1,Schwere Gewalt (angewandt),27,Schwere Körperverletzung (Art. 122),Schneid-/Stichwaffe,36,31,5,1408575,0
2013,1,Schwere Gewalt (angewandt),28,Schwere Körperverletzung (Art. 122),Schlag-/Hiebwaffe,7,6,1,1408575,0
2013,1,Schwere Gewalt (angewandt),29,Schwere Körperverletzung (Art. 122),Körpergewalt,76,72,4,1408575,0.1
2013,1,Schwere Gewalt (angewandt),30,Schwere Körperverletzung (Art. 122),anderes Tatmittel,38,28,10,1408575,0
2013,1,Schwere Gewalt (angewandt),31,Schwere Körperverletzung (Art. 122),ohne Angabe/unbekannt,38,36,2,1408575,0
2013,1,Schwere Gewalt (angewandt),32,Verstümmelung weiblicher Genitalien (Art. 124),,0,0,0,1408575,0
2013,1,Schwere Gewalt (angewandt),33,Geiselnahme (Art. 185),,0,0,0,1408575,0
2013,1,Schwere Gewalt (angewandt),34,Vergewaltigung (Art. 190),,160,138,22,1408575,0.1
2013,1,Schwere Gewalt (angewandt),35,Raub (Art.140 Ziff. 4),,8,7,1,1408575,0
2013,2,Minderschwere Gewalt (angewandt evtl. angedroht),41,Einfache Körperverletzung (Art. 123),,1608,1568,40,1408575,1.1
2013,2,Minderschwere Gewalt (angewandt evtl. angedroht),42,Tätlichkeiten (Art. 126),,2643,2643,0,1408575,1.9
2013,2,Minderschwere Gewalt (angewandt evtl. angedroht),43,Beteiligung Raufhandel (Art. 133),,251,251,0,1408575,0.2
2013,2,Minderschwere Gewalt (angewandt evtl. angedroht),44,Beteiligung Angriff (Art. 134),,511,511,0,1408575,0.4
2013,2,Minderschwere Gewalt (angewandt evtl. angedroht),45,Raub (Art. 140 Ziff. 1-3),,650,549,101,1408575,0.5
2013,2,Minderschwere Gewalt (angewandt evtl. angedroht),46,Nötigung (Art. 181),,787,666,121,1408575,0.6
2013,2,Minderschwere Gewalt (angewandt evtl. angedroht),47,Zwangsheirat (Art. 181a),,0,0,0,1408575,0
2013,2,Minderschwere Gewalt (angewandt evtl. angedroht),48,Freiheitsberaubung/Entführung (Art. 183),,72,66,6,1408575,0.1
2013,2,Minderschwere Gewalt (angewandt evtl. angedroht),49,Freiheitsberaubung/Entführung schwerer Fall (Art. 184),,0,0,0,1408575,0
2013,2,Minderschwere Gewalt (angewandt evtl. angedroht),50,Sexueller Übergriff und sexuelle Nötigung (Art. 189),,172,159,13,1408575,0.1
2013,2,Minderschwere Gewalt (angewandt evtl. angedroht),51,Gewalt und Drohung gegen Behörden und Beamte (Art. 285),,491,490,1,1408575,0.3
2013,2,Minderschwere Gewalt (angewandt evtl. angedroht),52,Erpressung (Art. 156 Ziff. 3),,0,0,0,1408575,0
2013,3,Minderschwere Gewalt (angedroht),61,Drohung (Art. 180),,1892,1889,3,1408575,1.3
2013,3,Minderschwere Gewalt (angedroht),62,"Erpressung (Art. 156 Ziff. 1,2,4)",,87,59,28,1408575,0.1
2014,1,Schwere Gewalt (angewandt),12,Tötungsdelikte (Art.111-113/116),Schusswaffe,2,1,1,1425538,0
2014,1,Schwere Gewalt (angewandt),13,Tötungsdelikte (Art.111-113/116),Schneid-/Stichwaffe,14,3,11,1425538,0
2014,1,Schwere Gewalt (angewandt),14,Tötungsdelikte (Art.111-113/116),Schlag-/Hiebwaffe,2,0,2,1425538,0
2014,1,Schwere Gewalt (angewandt),15,Tötungsdelikte (Art.111-113/116),Körpergewalt,7,2,5,1425538,0
2014,1,Schwere Gewalt (angewandt),16,Tötungsdelikte (Art.111-113/116),anderes Tatmittel,1,0,1,1425538,0
2014,1,Schwere Gewalt (angewandt),17,Tötungsdelikte (Art.111-113/116),ohne Angabe/unbekannt,7,4,3,1425538,0
2014,1,Schwere Gewalt (angewandt),26,Schwere Körperverletzung (Art. 122),Schusswaffe,3,0,3,1425538,0
2014,1,Schwere Gewalt (angewandt),27,Schwere Körperverletzung (Art. 122),Schneid-/Stichwaffe,24,14,10,1425538,0
2014,1,Schwere Gewalt (angewandt),28,Schwere Körperverletzung (Art. 122),Schlag-/Hiebwaffe,6,3,3,1425538,0
2014,1,Schwere Gewalt (angewandt),29,Schwere Körperverletzung (Art. 122),Körpergewalt,64,57,7,1425538,0
2014,1,Schwere Gewalt (angewandt),30,Schwere Körperverletzung (Art. 122),anderes Tatmittel,41,16,25,1425538,0
2014,1,Schwere Gewalt (angewandt),31,Schwere Körperverletzung (Art. 122),ohne Angabe/unbekannt,45,33,12,1425538,0
2014,1,Schwere Gewalt (angewandt),32,Verstümmelung weiblicher Genitalien (Art. 124),,0,0,0,1425538,0
2014,1,Schwere Gewalt (angewandt),33,Geiselnahme (Art. 185),,0,0,0,1425538,0
2014,1,Schwere Gewalt (angewandt),34,Vergewaltigung (Art. 190),,169,138,31,1425538,0.1
2014,1,Schwere Gewalt (angewandt),35,Raub (Art.140 Ziff. 4),,10,7,3,1425538,0
2014,2,Minderschwere Gewalt (angewandt evtl. angedroht),41,Einfache Körperverletzung (Art. 123),,1292,1241,51,1425538,0.9
2014,2,Minderschwere Gewalt (angewandt evtl. angedroht),42,Tätlichkeiten (Art. 126),,2438,2438,0,1425538,1.7
2014,2,Minderschwere Gewalt (angewandt evtl. angedroht),43,Beteiligung Raufhandel (Art. 133),,191,191,0,1425538,0.1
2014,2,Minderschwere Gewalt (angewandt evtl. angedroht),44,Beteiligung Angriff (Art. 134),,450,450,0,1425538,0.3
2014,2,Minderschwere Gewalt (angewandt evtl. angedroht),45,Raub (Art. 140 Ziff. 1-3),,535,428,107,1425538,0.4
2014,2,Minderschwere Gewalt (angewandt evtl. angedroht),46,Nötigung (Art. 181),,705,609,96,1425538,0.5
2014,2,Minderschwere Gewalt (angewandt evtl. angedroht),47,Zwangsheirat (Art. 181a),,0,0,0,1425538,0
2014,2,Minderschwere Gewalt (angewandt evtl. angedroht),48,Freiheitsberaubung/Entführung (Art. 183),,52,49,3,1425538,0
2014,2,Minderschwere Gewalt (angewandt evtl. angedroht),49,Freiheitsberaubung/Entführung schwerer Fall (Art. 184),,1,1,0,1425538,0
2014,2,Minderschwere Gewalt (angewandt evtl. angedroht),50,Sexueller Übergriff und sexuelle Nötigung (Art. 189),,201,194,7,1425538,0.1
2014,2,Minderschwere Gewalt (angewandt evtl. angedroht),51,Gewalt und Drohung gegen Behörden und Beamte (Art. 285),,563,563,0,1425538,0.4
2014,2,Minderschwere Gewalt (angewandt evtl. angedroht),52,Erpressung (Art. 156 Ziff. 3),,0,0,0,1425538,0
2014,3,Minderschwere Gewalt (angedroht),61,Drohung (Art. 180),,1731,1729,2,1425538,1.2
2014,3,Minderschwere Gewalt (angedroht),62,"Erpressung (Art. 156 Ziff. 1,2,4)",,111,67,44,1425538,0.1
2015,1,Schwere Gewalt (angewandt),12,Tötungsdelikte (Art.111-113/116),Schusswaffe,6,4,2,1446354,0
2015,1,Schwere Gewalt (angewandt),13,Tötungsdelikte (Art.111-113/116),Schneid-/Stichwaffe,18,1,17,1446354,0
2015,1,Schwere Gewalt (angewandt),14,Tötungsdelikte (Art.111-113/116),Schlag-/Hiebwaffe,1,0,1,1446354,0
2015,1,Schwere Gewalt (angewandt),15,Tötungsdelikte (Art.111-113/116),Körpergewalt,7,3,4,1446354,0
2015,1,Schwere Gewalt (angewandt),16,Tötungsdelikte (Art.111-113/116),anderes Tatmittel,1,0,1,1446354,0
2015,1,Schwere Gewalt (angewandt),17,Tötungsdelikte (Art.111-113/116),ohne Angabe/unbekannt,0,0,0,1446354,0
2015,1,Schwere Gewalt (angewandt),26,Schwere Körperverletzung (Art. 122),Schusswaffe,5,2,3,1446354,0
2015,1,Schwere Gewalt (angewandt),27,Schwere Körperverletzung (Art. 122),Schneid-/Stichwaffe,27,11,16,1446354,0
2015,1,Schwere Gewalt (angewandt),28,Schwere Körperverletzung (Art. 122),Schlag-/Hiebwaffe,19,6,13,1446354,0
2015,1,Schwere Gewalt (angewandt),29,Schwere Körperverletzung (Art. 122),Körpergewalt,79,67,12,1446354,0.1
2015,1,Schwere Gewalt (angewandt),30,Schwere Körperverletzung (Art. 122),anderes Tatmittel,70,13,57,1446354,0
2015,1,Schwere Gewalt (angewandt),31,Schwere Körperverletzung (Art. 122),ohne Angabe/unbekannt,4,3,1,1446354,0
2015,1,Schwere Gewalt (angewandt),32,Verstümmelung weiblicher Genitalien (Art. 124),,0,0,0,1446354,0
2015,1,Schwere Gewalt (angewandt),33,Geiselnahme (Art. 185),,1,1,0,1446354,0
2015,1,Schwere Gewalt (angewandt),34,Vergewaltigung (Art. 190),,134,113,21,1446354,0.1
2015,1,Schwere Gewalt (angewandt),35,Raub (Art.140 Ziff. 4),,5,3,2,1446354,0
2015,2,Minderschwere Gewalt (angewandt evtl. angedroht),41,Einfache Körperverletzung (Art. 123),,1239,1176,63,1446354,0.9
2015,2,Minderschwere Gewalt (angewandt evtl. angedroht),42,Tätlichkeiten (Art. 126),,2378,2378,0,1446354,1.6
2015,2,Minderschwere Gewalt (angewandt evtl. angedroht),43,Beteiligung Raufhandel (Art. 133),,187,187,0,1446354,0.1
2015,2,Minderschwere Gewalt (angewandt evtl. angedroht),44,Beteiligung Angriff (Art. 134),,409,407,2,1446354,0.3
2015,2,Minderschwere Gewalt (angewandt evtl. angedroht),45,Raub (Art. 140 Ziff. 1-3),,411,327,84,1446354,0.3
2015,2,Minderschwere Gewalt (angewandt evtl. angedroht),46,Nötigung (Art. 181),,729,630,99,1446354,0.5
2015,2,Minderschwere Gewalt (angewandt evtl. angedroht),47,Zwangsheirat (Art. 181a),,0,0,0,1446354,0
2015,2,Minderschwere Gewalt (angewandt evtl. angedroht),48,Freiheitsberaubung/Entführung (Art. 183),,54,44,10,1446354,0
2015,2,Minderschwere Gewalt (angewandt evtl. angedroht),49,Freiheitsberaubung/Entführung schwerer Fall (Art. 184),,0,0,0,1446354,0
2015,2,Minderschwere Gewalt (angewandt evtl. angedroht),50,Sexueller Übergriff und sexuelle Nötigung (Art. 189),,200,186,14,1446354,0.1
2015,2,Minderschwere Gewalt (angewandt evtl. angedroht),51,Gewalt und Drohung gegen Behörden und Beamte (Art. 285),,655,654,1,1446354,0.5
2015,2,Minderschwere Gewalt (angewandt evtl. angedroht),52,Erpressung (Art. 156 Ziff. 3),,0,0,0,1446354,0
2015,3,Minderschwere Gewalt (angedroht),61,Drohung (Art. 180),,1695,1695,0,1446354,1.2
2015,3,Minderschwere Gewalt (angedroht),62,"Erpressung (Art. 156 Ziff. 1,2,4)",,127,68,59,1446354,0.1
2016,1,Schwere Gewalt (angewandt),12,Tötungsdelikte (Art.111-113/116),Schusswaffe,5,1,4,1466424,0
2016,1,Schwere Gewalt (angewandt),13,Tötungsdelikte (Art.111-113/116),Schneid-/Stichwaffe,19,3,16,1466424,0
2016,1,Schwere Gewalt (angewandt),14,Tötungsdelikte (Art.111-113/116),Schlag-/Hiebwaffe,0,0,0,1466424,0
2016,1,Schwere Gewalt (angewandt),15,Tötungsdelikte (Art.111-113/116),Körpergewalt,11,5,6,1466424,0
2016,1,Schwere Gewalt (angewandt),16,Tötungsdelikte (Art.111-113/116),anderes Tatmittel,0,0,0,1466424,0
2016,1,Schwere Gewalt (angewandt),17,Tötungsdelikte (Art.111-113/116),ohne Angabe/unbekannt,1,1,0,1466424,0
2016,1,Schwere Gewalt (angewandt),26,Schwere Körperverletzung (Art. 122),Schusswaffe,1,0,1,1466424,0
2016,1,Schwere Gewalt (angewandt),27,Schwere Körperverletzung (Art. 122),Schneid-/Stichwaffe,30,15,15,1466424,0
2016,1,Schwere Gewalt (angewandt),28,Schwere Körperverletzung (Art. 122),Schlag-/Hiebwaffe,14,8,6,1466424,0
2016,1,Schwere Gewalt (angewandt),29,Schwere Körperverletzung (Art. 122),Körpergewalt,87,74,13,1466424,0.1
2016,1,Schwere Gewalt (angewandt),30,Schwere Körperverletzung (Art. 122),anderes Tatmittel,44,17,27,1466424,0
2016,1,Schwere Gewalt (angewandt),31,Schwere Körperverletzung (Art. 122),ohne Angabe/unbekannt,2,2,0,1466424,0
2016,1,Schwere Gewalt (angewandt),32,Verstümmelung weiblicher Genitalien (Art. 124),,0,0,0,1466424,0
2016,1,Schwere Gewalt (angewandt),33,Geiselnahme (Art. 185),,0,0,0,1466424,0
2016,1,Schwere Gewalt (angewandt),34,Vergewaltigung (Art. 190),,170,151,19,1466424,0.1
2016,1,Schwere Gewalt (angewandt),35,Raub (Art.140 Ziff. 4),,7,7,0,1466424,0
2016,2,Minderschwere Gewalt (angewandt evtl. angedroht),41,Einfache Körperverletzung (Art. 123),,1350,1275,75,1466424,0.9
2016,2,Minderschwere Gewalt (angewandt evtl. angedroht),42,Tätlichkeiten (Art. 126),,2944,2944,0,1466424,2
2016,2,Minderschwere Gewalt (angewandt evtl. angedroht),43,Beteiligung Raufhandel (Art. 133),,198,198,0,1466424,0.1
2016,2,Minderschwere Gewalt (angewandt evtl. angedroht),44,Beteiligung Angriff (Art. 134),,299,299,0,1466424,0.2
2016,2,Minderschwere Gewalt (angewandt evtl. angedroht),45,Raub (Art. 140 Ziff. 1-3),,429,364,65,1466424,0.3
2016,2,Minderschwere Gewalt (angewandt evtl. angedroht),46,Nötigung (Art. 181),,789,647,142,1466424,0.5
2016,2,Minderschwere Gewalt (angewandt evtl. angedroht),47,Zwangsheirat (Art. 181a),,0,0,0,1466424,0
2016,2,Minderschwere Gewalt (angewandt evtl. angedroht),48,Freiheitsberaubung/Entführung (Art. 183),,51,45,6,1466424,0
2016,2,Minderschwere Gewalt (angewandt evtl. angedroht),49,Freiheitsberaubung/Entführung schwerer Fall (Art. 184),,1,1,0,1466424,0
2016,2,Minderschwere Gewalt (angewandt evtl. angedroht),50,Sexueller Übergriff und sexuelle Nötigung (Art. 189),,227,207,20,1466424,0.2
2016,2,Minderschwere Gewalt (angewandt evtl. angedroht),51,Gewalt und Drohung gegen Behörden und Beamte (Art. 285),,618,615,3,1466424,0.4
2016,2,Minderschwere Gewalt (angewandt evtl. angedroht),52,Erpressung (Art. 156 Ziff. 3),,5,5,0,1466424,0
2016,3,Minderschwere Gewalt (angedroht),61,Drohung (Art. 180),,1709,1703,6,1466424,1.2
2016,3,Minderschwere Gewalt (angedroht),62,"Erpressung (Art. 156 Ziff. 1,2,4)",,203,74,129,1466424,0.1
2017,1,Schwere Gewalt (angewandt),12,Tötungsdelikte (Art.111-113/116),Schusswaffe,6,2,4,1487969,0
2017,1,Schwere Gewalt (angewandt),13,Tötungsdelikte (Art.111-113/116),Schneid-/Stichwaffe,18,1,17,1487969,0
2017,1,Schwere Gewalt (angewandt),14,Tötungsdelikte (Art.111-113/116),Schlag-/Hiebwaffe,0,0,0,1487969,0
2017,1,Schwere Gewalt (angewandt),15,Tötungsdelikte (Art.111-113/116),Körpergewalt,8,3,5,1487969,0
2017,1,Schwere Gewalt (angewandt),16,Tötungsdelikte (Art.111-113/116),anderes Tatmittel,4,0,4,1487969,0
2017,1,Schwere Gewalt (angewandt),17,Tötungsdelikte (Art.111-113/116),ohne Angabe/unbekannt,1,1,0,1487969,0
2017,1,Schwere Gewalt (angewandt),26,Schwere Körperverletzung (Art. 122),Schusswaffe,1,1,0,1487969,0
2017,1,Schwere Gewalt (angewandt),27,Schwere Körperverletzung (Art. 122),Schneid-/Stichwaffe,29,10,19,1487969,0
2017,1,Schwere Gewalt (angewandt),28,Schwere Körperverletzung (Art. 122),Schlag-/Hiebwaffe,12,6,6,1487969,0
2017,1,Schwere Gewalt (angewandt),29,Schwere Körperverletzung (Art. 122),Körpergewalt,91,65,26,1487969,0.1
2017,1,Schwere Gewalt (angewandt),30,Schwere Körperverletzung (Art. 122),anderes Tatmittel,42,20,22,1487969,0
2017,1,Schwere Gewalt (angewandt),31,Schwere Körperverletzung (Art. 122),ohne Angabe/unbekannt,7,7,0,1487969,0
2017,1,Schwere Gewalt (angewandt),32,Verstümmelung weiblicher Genitalien (Art. 124),,0,0,0,1487969,0
2017,1,Schwere Gewalt (angewandt),33,Geiselnahme (Art. 185),,0,0,0,1487969,0
2017,1,Schwere Gewalt (angewandt),34,Vergewaltigung (Art. 190),,173,152,21,1487969,0.1
2017,1,Schwere Gewalt (angewandt),35,Raub (Art.140 Ziff. 4),,8,8,0,1487969,0
2017,2,Minderschwere Gewalt (angewandt evtl. angedroht),41,Einfache Körperverletzung (Art. 123),,1403,1287,116,1487969,0.9
2017,2,Minderschwere Gewalt (angewandt evtl. angedroht),42,Tätlichkeiten (Art. 126),,3113,3110,3,1487969,2.1
2017,2,Minderschwere Gewalt (angewandt evtl. angedroht),43,Beteiligung Raufhandel (Art. 133),,220,220,0,1487969,0.1
2017,2,Minderschwere Gewalt (angewandt evtl. angedroht),44,Beteiligung Angriff (Art. 134),,276,276,0,1487969,0.2
2017,2,Minderschwere Gewalt (angewandt evtl. angedroht),45,Raub (Art. 140 Ziff. 1-3),,473,413,60,1487969,0.3
2017,2,Minderschwere Gewalt (angewandt evtl. angedroht),46,Nötigung (Art. 181),,566,472,94,1487969,0.4
2017,2,Minderschwere Gewalt (angewandt evtl. angedroht),47,Zwangsheirat (Art. 181a),,1,1,0,1487969,0
2017,2,Minderschwere Gewalt (angewandt evtl. angedroht),48,Freiheitsberaubung/Entführung (Art. 183),,71,56,15,1487969,0
2017,2,Minderschwere Gewalt (angewandt evtl. angedroht),49,Freiheitsberaubung/Entführung schwerer Fall (Art. 184),,1,1,0,1487969,0
2017,2,Minderschwere Gewalt (angewandt evtl. angedroht),50,Sexueller Übergriff und sexuelle Nötigung (Art. 189),,145,137,8,1487969,0.1
2017,2,Minderschwere Gewalt (angewandt evtl. angedroht),51,Gewalt und Drohung gegen Behörden und Beamte (Art. 285),,567,557,10,1487969,0.4
2017,2,Minderschwere Gewalt (angewandt evtl. angedroht),52,Erpressung (Art. 156 Ziff. 3),,4,3,1,1487969,0
2017,3,Minderschwere Gewalt (angedroht),61,Drohung (Art. 180),,1690,1675,15,1487969,1.1
2017,3,Minderschwere Gewalt (angedroht),62,"Erpressung (Art. 156 Ziff. 1,2,4)",,187,81,106,1487969,0.1
2018,1,Schwere Gewalt (angewandt),12,Tötungsdelikte (Art.111-113/116),Schusswaffe,5,4,1,1504346,0
2018,1,Schwere Gewalt (angewandt),13,Tötungsdelikte (Art.111-113/116),Schneid-/Stichwaffe,18,1,17,1504346,0
2018,1,Schwere Gewalt (angewandt),14,Tötungsdelikte (Art.111-113/116),Schlag-/Hiebwaffe,0,0,0,1504346,0
2018,1,Schwere Gewalt (angewandt),15,Tötungsdelikte (Art.111-113/116),Körpergewalt,10,1,9,1504346,0
2018,1,Schwere Gewalt (angewandt),16,Tötungsdelikte (Art.111-113/116),anderes Tatmittel,6,1,5,1504346,0
2018,1,Schwere Gewalt (angewandt),17,Tötungsdelikte (Art.111-113/116),ohne Angabe/unbekannt,0,0,0,1504346,0
2018,1,Schwere Gewalt (angewandt),26,Schwere Körperverletzung (Art. 122),Schusswaffe,7,3,4,1504346,0
2018,1,Schwere Gewalt (angewandt),27,Schwere Körperverletzung (Art. 122),Schneid-/Stichwaffe,35,22,13,1504346,0
2018,1,Schwere Gewalt (angewandt),28,Schwere Körperverletzung (Art. 122),Schlag-/Hiebwaffe,8,3,5,1504346,0
2018,1,Schwere Gewalt (angewandt),29,Schwere Körperverletzung (Art. 122),Körpergewalt,121,64,57,1504346,0.1
2018,1,Schwere Gewalt (angewandt),30,Schwere Körperverletzung (Art. 122),anderes Tatmittel,38,19,19,1504346,0
2018,1,Schwere Gewalt (angewandt),31,Schwere Körperverletzung (Art. 122),ohne Angabe/unbekannt,3,2,1,1504346,0
2018,1,Schwere Gewalt (angewandt),32,Verstümmelung weiblicher Genitalien (Art. 124),,0,0,0,1504346,0
2018,1,Schwere Gewalt (angewandt),33,Geiselnahme (Art. 185),,0,0,0,1504346,0
2018,1,Schwere Gewalt (angewandt),34,Vergewaltigung (Art. 190),,149,129,20,1504346,0.1
2018,1,Schwere Gewalt (angewandt),35,Raub (Art.140 Ziff. 4),,9,7,2,1504346,0
2018,2,Minderschwere Gewalt (angewandt evtl. angedroht),41,Einfache Körperverletzung (Art. 123),,1486,1370,116,1504346,1
2018,2,Minderschwere Gewalt (angewandt evtl. angedroht),42,Tätlichkeiten (Art. 126),,3219,3213,6,1504346,2.1
2018,2,Minderschwere Gewalt (angewandt evtl. angedroht),43,Beteiligung Raufhandel (Art. 133),,211,211,0,1504346,0.1
2018,2,Minderschwere Gewalt (angewandt evtl. angedroht),44,Beteiligung Angriff (Art. 134),,339,339,0,1504346,0.2
2018,2,Minderschwere Gewalt (angewandt evtl. angedroht),45,Raub (Art. 140 Ziff. 1-3),,398,345,53,1504346,0.3
2018,2,Minderschwere Gewalt (angewandt evtl. angedroht),46,Nötigung (Art. 181),,670,551,119,1504346,0.4
2018,2,Minderschwere Gewalt (angewandt evtl. angedroht),47,Zwangsheirat (Art. 181a),,1,1,0,1504346,0
2018,2,Minderschwere Gewalt (angewandt evtl. angedroht),48,Freiheitsberaubung/Entführung (Art. 183),,62,40,22,1504346,0
2018,2,Minderschwere Gewalt (angewandt evtl. angedroht),49,Freiheitsberaubung/Entführung schwerer Fall (Art. 184),,6,6,0,1504346,0
2018,2,Minderschwere Gewalt (angewandt evtl. angedroht),50,Sexueller Übergriff und sexuelle Nötigung (Art. 189),,156,140,16,1504346,0.1
2018,2,Minderschwere Gewalt (angewandt evtl. angedroht),51,Gewalt und Drohung gegen Behörden und Beamte (Art. 285),,555,553,2,1504346,0.4
2018,2,Minderschwere Gewalt (angewandt evtl. angedroht),52,Erpressung (Art. 156 Ziff. 3),,5,2,3,1504346,0
2018,3,Minderschwere Gewalt (angedroht),61,Drohung (Art. 180),,1877,1868,9,1504346,1.2
2018,3,Minderschwere Gewalt (angedroht),62,"Erpressung (Art. 156 Ziff. 1,2,4)",,177,78,99,1504346,0.1
2019,1,Schwere Gewalt (angewandt),12,Tötungsdelikte (Art.111-113/116),Schusswaffe,9,7,2,1520968,0
2019,1,Schwere Gewalt (angewandt),13,Tötungsdelikte (Art.111-113/116),Schneid-/Stichwaffe,23,4,19,1520968,0
2019,1,Schwere Gewalt (angewandt),14,Tötungsdelikte (Art.111-113/116),Schlag-/Hiebwaffe,2,2,0,1520968,0
2019,1,Schwere Gewalt (angewandt),15,Tötungsdelikte (Art.111-113/116),Körpergewalt,15,2,13,1520968,0
2019,1,Schwere Gewalt (angewandt),16,Tötungsdelikte (Art.111-113/116),anderes Tatmittel,2,0,2,1520968,0
2019,1,Schwere Gewalt (angewandt),17,Tötungsdelikte (Art.111-113/116),ohne Angabe/unbekannt,1,1,0,1520968,0
2019,1,Schwere Gewalt (angewandt),26,Schwere Körperverletzung (Art. 122),Schusswaffe,3,0,3,1520968,0
2019,1,Schwere Gewalt (angewandt),27,Schwere Körperverletzung (Art. 122),Schneid-/Stichwaffe,42,16,26,1520968,0
2019,1,Schwere Gewalt (angewandt),28,Schwere Körperverletzung (Art. 122),Schlag-/Hiebwaffe,17,2,15,1520968,0
2019,1,Schwere Gewalt (angewandt),29,Schwere Körperverletzung (Art. 122),Körpergewalt,125,60,65,1520968,0.1
2019,1,Schwere Gewalt (angewandt),30,Schwere Körperverletzung (Art. 122),anderes Tatmittel,35,15,20,1520968,0
2019,1,Schwere Gewalt (angewandt),31,Schwere Körperverletzung (Art. 122),ohne Angabe/unbekannt,3,3,0,1520968,0
2019,1,Schwere Gewalt (angewandt),32,Verstümmelung weiblicher Genitalien (Art. 124),,0,0,0,1520968,0
2019,1,Schwere Gewalt (angewandt),33,Geiselnahme (Art. 185),,1,1,0,1520968,0
2019,1,Schwere Gewalt (angewandt),34,Vergewaltigung (Art. 190),,137,125,12,1520968,0.1
2019,1,Schwere Gewalt (angewandt),35,Raub (Art.140 Ziff. 4),,4,4,0,1520968,0
2019,2,Minderschwere Gewalt (angewandt evtl. angedroht),41,Einfache Körperverletzung (Art. 123),,1576,1438,138,1520968,1
2019,2,Minderschwere Gewalt (angewandt evtl. angedroht),42,Tätlichkeiten (Art. 126),,3350,3346,4,1520968,2.2
2019,2,Minderschwere Gewalt (angewandt evtl. angedroht),43,Beteiligung Raufhandel (Art. 133),,156,156,0,1520968,0.1
2019,2,Minderschwere Gewalt (angewandt evtl. angedroht),44,Beteiligung Angriff (Art. 134),,441,441,0,1520968,0.3
2019,2,Minderschwere Gewalt (angewandt evtl. angedroht),45,Raub (Art. 140 Ziff. 1-3),,447,358,89,1520968,0.3
2019,2,Minderschwere Gewalt (angewandt evtl. angedroht),46,Nötigung (Art. 181),,689,571,118,1520968,0.5
2019,2,Minderschwere Gewalt (angewandt evtl. angedroht),47,Zwangsheirat (Art. 181a),,0,0,0,1520968,0
2019,2,Minderschwere Gewalt (angewandt evtl. angedroht),48,Freiheitsberaubung/Entführung (Art. 183),,79,49,30,1520968,0.1
2019,2,Minderschwere Gewalt (angewandt evtl. angedroht),49,Freiheitsberaubung/Entführung schwerer Fall (Art. 184),,1,1,0,1520968,0
2019,2,Minderschwere Gewalt (angewandt evtl. angedroht),50,Sexueller Übergriff und sexuelle Nötigung (Art. 189),,148,133,15,1520968,0.1
2019,2,Minderschwere Gewalt (angewandt evtl. angedroht),51,Gewalt und Drohung gegen Behörden und Beamte (Art. 285),,614,613,1,1520968,0.4
2019,2,Minderschwere Gewalt (angewandt evtl. angedroht),52,Erpressung (Art. 156 Ziff. 3),,3,3,0,1520968,0
2019,3,Minderschwere Gewalt (angedroht),61,Drohung (Art. 180),,2059,2051,8,1520968,1.4
2019,3,Minderschwere Gewalt (angedroht),62,"Erpressung (Art. 156 Ziff. 1,2,4)",,191,85,106,1520968,0.1
2020,1,Schwere Gewalt (angewandt),12,Tötungsdelikte (Art.111-113/116),Schusswaffe,8,2,6,1539275,0
2020,1,Schwere Gewalt (angewandt),13,Tötungsdelikte (Art.111-113/116),Schneid-/Stichwaffe,26,1,25,1539275,0
2020,1,Schwere Gewalt (angewandt),14,Tötungsdelikte (Art.111-113/116),Schlag-/Hiebwaffe,2,0,2,1539275,0
2020,1,Schwere Gewalt (angewandt),15,Tötungsdelikte (Art.111-113/116),Körpergewalt,7,1,6,1539275,0
2020,1,Schwere Gewalt (angewandt),16,Tötungsdelikte (Art.111-113/116),anderes Tatmittel,5,2,3,1539275,0
2020,1,Schwere Gewalt (angewandt),17,Tötungsdelikte (Art.111-113/116),ohne Angabe/unbekannt,0,0,0,1539275,0
2020,1,Schwere Gewalt (angewandt),26,Schwere Körperverletzung (Art. 122),Schusswaffe,1,1,0,1539275,0
2020,1,Schwere Gewalt (angewandt),27,Schwere Körperverletzung (Art. 122),Schneid-/Stichwaffe,33,12,21,1539275,0
2020,1,Schwere Gewalt (angewandt),28,Schwere Körperverletzung (Art. 122),Schlag-/Hiebwaffe,14,3,11,1539275,0
2020,1,Schwere Gewalt (angewandt),29,Schwere Körperverletzung (Art. 122),Körpergewalt,143,83,60,1539275,0.1
2020,1,Schwere Gewalt (angewandt),30,Schwere Körperverletzung (Art. 122),anderes Tatmittel,32,11,21,1539275,0
2020,1,Schwere Gewalt (angewandt),31,Schwere Körperverletzung (Art. 122),ohne Angabe/unbekannt,6,6,0,1539275,0
2020,1,Schwere Gewalt (angewandt),32,Verstümmelung weiblicher Genitalien (Art. 124),,0,0,0,1539275,0
2020,1,Schwere Gewalt (angewandt),33,Geiselnahme (Art. 185),,0,0,0,1539275,0
2020,1,Schwere Gewalt (angewandt),34,Vergewaltigung (Art. 190),,182,161,21,1539275,0.1
2020,1,Schwere Gewalt (angewandt),35,Raub (Art.140 Ziff. 4),,15,13,2,1539275,0
2020,2,Minderschwere Gewalt (angewandt evtl. angedroht),41,Einfache Körperverletzung (Art. 123),,1555,1428,127,1539275,1
2020,2,Minderschwere Gewalt (angewandt evtl. angedroht),42,Tätlichkeiten (Art. 126),,3262,3258,4,1539275,2.1
2020,2,Minderschwere Gewalt (angewandt evtl. angedroht),43,Beteiligung Raufhandel (Art. 133),,195,195,0,1539275,0.1
2020,2,Minderschwere Gewalt (angewandt evtl. angedroht),44,Beteiligung Angriff (Art. 134),,478,475,3,1539275,0.3
2020,2,Minderschwere Gewalt (angewandt evtl. angedroht),45,Raub (Art. 140 Ziff. 1-3),,508,422,86,1539275,0.3
2020,2,Minderschwere Gewalt (angewandt evtl. angedroht),46,Nötigung (Art. 181),,1132,1004,128,1539275,0.7
2020,2,Minderschwere Gewalt (angewandt evtl. angedroht),47,Zwangsheirat (Art. 181a),,0,0,0,1539275,0
2020,2,Minderschwere Gewalt (angewandt evtl. angedroht),48,Freiheitsberaubung/Entführung (Art. 183),,72,50,22,1539275,0
2020,2,Minderschwere Gewalt (angewandt evtl. angedroht),49,Freiheitsberaubung/Entführung schwerer Fall (Art. 184),,0,0,0,1539275,0
2020,2,Minderschwere Gewalt (angewandt evtl. angedroht),50,Sexueller Übergriff und sexuelle Nötigung (Art. 189),,151,137,14,1539275,0.1
2020,2,Minderschwere Gewalt (angewandt evtl. angedroht),51,Gewalt und Drohung gegen Behörden und Beamte (Art. 285),,710,704,6,1539275,0.5
2020,2,Minderschwere Gewalt (angewandt evtl. angedroht),52,Erpressung (Art. 156 Ziff. 3),,6,3,3,1539275,0
2020,3,Minderschwere Gewalt (angedroht),61,Drohung (Art. 180),,1963,1960,3,1539275,1.3
2020,3,Minderschwere Gewalt (angedroht),62,"Erpressung (Art. 156 Ziff. 1,2,4)",,195,93,102,1539275,0.1
2021,1,Schwere Gewalt (angewandt),12,Tötungsdelikte (Art.111-113/116),Schusswaffe,3,2,1,1553423,0
2021,1,Schwere Gewalt (angewandt),13,Tötungsdelikte (Art.111-113/116),Schneid-/Stichwaffe,24,2,22,1553423,0
2021,1,Schwere Gewalt (angewandt),14,Tötungsdelikte (Art.111-113/116),Schlag-/Hiebwaffe,0,0,0,1553423,0
2021,1,Schwere Gewalt (angewandt),15,Tötungsdelikte (Art.111-113/116),Körpergewalt,5,1,4,1553423,0
2021,1,Schwere Gewalt (angewandt),16,Tötungsdelikte (Art.111-113/116),anderes Tatmittel,1,0,1,1553423,0
2021,1,Schwere Gewalt (angewandt),17,Tötungsdelikte (Art.111-113/116),ohne Angabe/unbekannt,0,0,0,1553423,0
2021,1,Schwere Gewalt (angewandt),26,Schwere Körperverletzung (Art. 122),Schusswaffe,0,0,0,1553423,0
2021,1,Schwere Gewalt (angewandt),27,Schwere Körperverletzung (Art. 122),Schneid-/Stichwaffe,41,16,25,1553423,0
2021,1,Schwere Gewalt (angewandt),28,Schwere Körperverletzung (Art. 122),Schlag-/Hiebwaffe,9,5,4,1553423,0
2021,1,Schwere Gewalt (angewandt),29,Schwere Körperverletzung (Art. 122),Körpergewalt,134,54,80,1553423,0.1
2021,1,Schwere Gewalt (angewandt),30,Schwere Körperverletzung (Art. 122),anderes Tatmittel,35,16,19,1553423,0
2021,1,Schwere Gewalt (angewandt),31,Schwere Körperverletzung (Art. 122),ohne Angabe/unbekannt,4,4,0,1553423,0
2021,1,Schwere Gewalt (angewandt),32,Verstümmelung weiblicher Genitalien (Art. 124),,0,0,0,1553423,0
2021,1,Schwere Gewalt (angewandt),33,Geiselnahme (Art. 185),,0,0,0,1553423,0
2021,1,Schwere Gewalt (angewandt),34,Vergewaltigung (Art. 190),,192,173,19,1553423,0.1
2021,1,Schwere Gewalt (angewandt),35,Raub (Art.140 Ziff. 4),,21,17,4,1553423,0
2021,2,Minderschwere Gewalt (angewandt evtl. angedroht),41,Einfache Körperverletzung (Art. 123),,1373,1242,131,1553423,0.9
2021,2,Minderschwere Gewalt (angewandt evtl. angedroht),42,Tätlichkeiten (Art. 126),,3213,3212,1,1553423,2.1
2021,2,Minderschwere Gewalt (angewandt evtl. angedroht),43,Beteiligung Raufhandel (Art. 133),,164,164,0,1553423,0.1
2021,2,Minderschwere Gewalt (angewandt evtl. angedroht),44,Beteiligung Angriff (Art. 134),,430,421,9,1553423,0.3
2021,2,Minderschwere Gewalt (angewandt evtl. angedroht),45,Raub (Art. 140 Ziff. 1-3),,524,404,120,1553423,0.3
2021,2,Minderschwere Gewalt (angewandt evtl. angedroht),46,Nötigung (Art. 181),,1135,999,136,1553423,0.7
2021,2,Minderschwere Gewalt (angewandt evtl. angedroht),47,Zwangsheirat (Art. 181a),,0,0,0,1553423,0
2021,2,Minderschwere Gewalt (angewandt evtl. angedroht),48,Freiheitsberaubung/Entführung (Art. 183),,80,51,29,1553423,0.1
2021,2,Minderschwere Gewalt (angewandt evtl. angedroht),49,Freiheitsberaubung/Entführung schwerer Fall (Art. 184),,2,2,0,1553423,0
2021,2,Minderschwere Gewalt (angewandt evtl. angedroht),50,Sexueller Übergriff und sexuelle Nötigung (Art. 189),,149,137,12,1553423,0.1
2021,2,Minderschwere Gewalt (angewandt evtl. angedroht),51,Gewalt und Drohung gegen Behörden und Beamte (Art. 285),,757,752,5,1553423,0.5
2021,2,Minderschwere Gewalt (angewandt evtl. angedroht),52,Erpressung (Art. 156 Ziff. 3),,8,6,2,1553423,0
2021,3,Minderschwere Gewalt (angedroht),61,Drohung (Art. 180),,1900,1898,2,1553423,1.2
2021,3,Minderschwere Gewalt (angedroht),62,"Erpressung (Art. 156 Ziff. 1,2,4)",,340,122,218,1553423,0.2
2022,1,Schwere Gewalt (angewandt),12,Tötungsdelikte (Art.111-113/116),Schusswaffe,5,3,2,1564662,0
2022,1,Schwere Gewalt (angewandt),13,Tötungsdelikte (Art.111-113/116),Schneid-/Stichwaffe,30,4,26,1564662,0
2022,1,Schwere Gewalt (angewandt),14,Tötungsdelikte (Art.111-113/116),Schlag-/Hiebwaffe,2,1,1,1564662,0
2022,1,Schwere Gewalt (angewandt),15,Tötungsdelikte (Art.111-113/116),Körpergewalt,8,1,7,1564662,0
2022,1,Schwere Gewalt (angewandt),16,Tötungsdelikte (Art.111-113/116),anderes Tatmittel,4,0,4,1564662,0
2022,1,Schwere Gewalt (angewandt),17,Tötungsdelikte (Art.111-113/116),ohne Angabe/unbekannt,0,0,0,1564662,0
2022,1,Schwere Gewalt (angewandt),26,Schwere Körperverletzung (Art. 122),Schusswaffe,2,2,0,1564662,0
2022,1,Schwere Gewalt (angewandt),27,Schwere Körperverletzung (Art. 122),Schneid-/Stichwaffe,58,18,40,1564662,0
2022,1,Schwere Gewalt (angewandt),28,Schwere Körperverletzung (Art. 122),Schlag-/Hiebwaffe,20,9,11,1564662,0
2022,1,Schwere Gewalt (angewandt),29,Schwere Körperverletzung (Art. 122),Körpergewalt,151,65,86,1564662,0.1
2022,1,Schwere Gewalt (angewandt),30,Schwere Körperverletzung (Art. 122),anderes Tatmittel,44,21,23,1564662,0
2022,1,Schwere Gewalt (angewandt),31,Schwere Körperverletzung (Art. 122),ohne Angabe/unbekannt,5,5,0,1564662,0
2022,1,Schwere Gewalt (angewandt),32,Verstümmelung weiblicher Genitalien (Art. 124),,1,0,1,1564662,0
2022,1,Schwere Gewalt (angewandt),33,Geiselnahme (Art. 185),,0,0,0,1564662,0
2022,1,Schwere Gewalt (angewandt),34,Vergewaltigung (Art. 190),,193,170,23,1564662,0.1
2022,1,Schwere Gewalt (angewandt),35,Raub (Art.140 Ziff. 4),,45,38,7,1564662,0
2022,2,Minderschwere Gewalt (angewandt evtl. angedroht),41,Einfache Körperverletzung (Art. 123),,1485,1348,137,1564662,0.9
2022,2,Minderschwere Gewalt (angewandt evtl. angedroht),42,Tätlichkeiten (Art. 126),,3311,3307,4,1564662,2.1
2022,2,Minderschwere Gewalt (angewandt evtl. angedroht),43,Beteiligung Raufhandel (Art. 133),,163,163,0,1564662,0.1
2022,2,Minderschwere Gewalt (angewandt evtl. angedroht),44,Beteiligung Angriff (Art. 134),,376,376,0,1564662,0.2
2022,2,Minderschwere Gewalt (angewandt evtl. angedroht),45,Raub (Art. 140 Ziff. 1-3),,512,410,102,1564662,0.3
2022,2,Minderschwere Gewalt (angewandt evtl. angedroht),46,Nötigung (Art. 181),,1041,908,133,1564662,0.7
2022,2,Minderschwere Gewalt (angewandt evtl. angedroht),47,Zwangsheirat (Art. 181a),,0,0,0,1564662,0
2022,2,Minderschwere Gewalt (angewandt evtl. angedroht),48,Freiheitsberaubung/Entführung (Art. 183),,73,54,19,1564662,0
2022,2,Minderschwere Gewalt (angewandt evtl. angedroht),49,Freiheitsberaubung/Entführung schwerer Fall (Art. 184),,0,0,0,1564662,0
2022,2,Minderschwere Gewalt (angewandt evtl. angedroht),50,Sexueller Übergriff und sexuelle Nötigung (Art. 189),,159,148,11,1564662,0.1
2022,2,Minderschwere Gewalt (angewandt evtl. angedroht),51,Gewalt und Drohung gegen Behörden und Beamte (Art. 285),,724,719,5,1564662,0.5
2022,2,Minderschwere Gewalt (angewandt evtl. angedroht),52,Erpressung (Art. 156 Ziff. 3),,8,5,3,1564662,0
2022,3,Minderschwere Gewalt (angedroht),61,Drohung (Art. 180),,1747,1744,3,1564662,1.1
2022,3,Minderschwere Gewalt (angedroht),62,"Erpressung (Art. 156 Ziff. 1,2,4)",,431,159,272,1564662,0.3
2023,1,Schwere Gewalt (angewandt),12,Tötungsdelikte (Art.111-113/116),Schusswaffe,3,0,3,1577088,0
2023,1,Schwere Gewalt (angewandt),13,Tötungsdelikte (Art.111-113/116),Schneid-/Stichwaffe,35,2,33,1577088,0
2023,1,Schwere Gewalt (angewandt),14,Tötungsdelikte (Art.111-113/116),Schlag-/Hiebwaffe,0,0,0,1577088,0
2023,1,Schwere Gewalt (angewandt),15,Tötungsdelikte (Art.111-113/116),Körpergewalt,13,4,9,1577088,0
2023,1,Schwere Gewalt (angewandt),16,Tötungsdelikte (Art.111-113/116),anderes Tatmittel,2,0,2,1577088,0
2023,1,Schwere Gewalt (angewandt),17,Tötungsdelikte (Art.111-113/116),ohne Angabe/unbekannt,1,1,0,1577088,0
2023,1,Schwere Gewalt (angewandt),26,Schwere Körperverletzung (Art. 122),Schusswaffe,1,1,0,1577088,0
2023,1,Schwere Gewalt (angewandt),27,Schwere Körperverletzung (Art. 122),Schneid-/Stichwaffe,72,30,42,1577088,0
2023,1,Schwere Gewalt (angewandt),28,Schwere Körperverletzung (Art. 122),Schlag-/Hiebwaffe,18,3,15,1577088,0
2023,1,Schwere Gewalt (angewandt),29,Schwere Körperverletzung (Art. 122),Körpergewalt,189,86,103,1577088,0.1
2023,1,Schwere Gewalt (angewandt),30,Schwere Körperverletzung (Art. 122),anderes Tatmittel,59,17,42,1577088,0
2023,1,Schwere Gewalt (angewandt),31,Schwere Körperverletzung (Art. 122),ohne Angabe/unbekannt,5,3,2,1577088,0
2023,1,Schwere Gewalt (angewandt),32,Verstümmelung weiblicher Genitalien (Art. 124),,0,0,0,1577088,0
2023,1,Schwere Gewalt (angewandt),33,Geiselnahme (Art. 185),,0,0,0,1577088,0
2023,1,Schwere Gewalt (angewandt),34,Vergewaltigung (Art. 190),,199,174,25,1577088,0.1
2023,1,Schwere Gewalt (angewandt),35,Raub (Art.140 Ziff. 4),,36,32,4,1577088,0
2023,2,Minderschwere Gewalt (angewandt evtl. angedroht),41,Einfache Körperverletzung (Art. 123),,1434,1313,121,1577088,0.9
2023,2,Minderschwere Gewalt (angewandt evtl. angedroht),42,Tätlichkeiten (Art. 126),,3315,3311,4,1577088,2.1
2023,2,Minderschwere Gewalt (angewandt evtl. angedroht),43,Beteiligung Raufhandel (Art. 133),,251,251,0,1577088,0.2
2023,2,Minderschwere Gewalt (angewandt evtl. angedroht),44,Beteiligung Angriff (Art. 134),,380,375,5,1577088,0.2
2023,2,Minderschwere Gewalt (angewandt evtl. angedroht),45,Raub (Art. 140 Ziff. 1-3),,508,438,70,1577088,0.3
2023,2,Minderschwere Gewalt (angewandt evtl. angedroht),46,Nötigung (Art. 181),,884,764,120,1577088,0.6
2023,2,Minderschwere Gewalt (angewandt evtl. angedroht),47,Zwangsheirat (Art. 181a),,2,2,0,1577088,0
2023,2,Minderschwere Gewalt (angewandt evtl. angedroht),48,Freiheitsberaubung/Entführung (Art. 183),,66,46,20,1577088,0
2023,2,Minderschwere Gewalt (angewandt evtl. angedroht),49,Freiheitsberaubung/Entführung schwerer Fall (Art. 184),,1,1,0,1577088,0
2023,2,Minderschwere Gewalt (angewandt evtl. angedroht),50,Sexueller Übergriff und sexuelle Nötigung (Art. 189),,134,125,9,1577088,0.1
2023,2,Minderschwere Gewalt (angewandt evtl. angedroht),51,Gewalt und Drohung gegen Behörden und Beamte (Art. 285),,679,674,5,1577088,0.4
2023,2,Minderschwere Gewalt (angewandt evtl. angedroht),52,Erpressung (Art. 156 Ziff. 3),,7,1,6,1577088,0
2023,3,Minderschwere Gewalt (angedroht),61,Drohung (Art. 180),,1751,1749,2,1577088,1.1
2023,3,Minderschwere Gewalt (angedroht),62,"Erpressung (Art. 156 Ziff. 1,2,4)",,400,184,216,1577088,0.3
2024,1,Schwere Gewalt (angewandt),12,Tötungsdelikte (Art.111-113/116),Schusswaffe,5,1,4,1605508,0
2024,1,Schwere Gewalt (angewandt),13,Tötungsdelikte (Art.111-113/116),Schneid-/Stichwaffe,31,4,27,1605508,0
2024,1,Schwere Gewalt (angewandt),14,Tötungsdelikte (Art.111-113/116),Schlag-/Hiebwaffe,4,1,3,1605508,0
2024,1,Schwere Gewalt (angewandt),15,Tötungsdelikte (Art.111-113/116),Körpergewalt,9,2,7,1605508,0
2024,1,Schwere Gewalt (angewandt),16,Tötungsdelikte (Art.111-113/116),anderes Tatmittel,3,0,3,1605508,0
2024,1,Schwere Gewalt (angewandt),17,Tötungsdelikte (Art.111-113/116),ohne Angabe/unbekannt,1,1,0,1605508,0
2024,1,Schwere Gewalt (angewandt),26,Schwere Körperverletzung (Art. 122),Schusswaffe,0,0,0,1605508,0
2024,1,Schwere Gewalt (angewandt),27,Schwere Körperverletzung (Art. 122),Schneid-/Stichwaffe,86,31,55,1605508,0.1
2024,1,Schwere Gewalt (angewandt),28,Schwere Körperverletzung (Art. 122),Schlag-/Hiebwaffe,25,9,16,1605508,0
2024,1,Schwere Gewalt (angewandt),29,Schwere Körperverletzung (Art. 122),Körpergewalt,200,98,102,1605508,0.1
2024,1,Schwere Gewalt (angewandt),30,Schwere Körperverletzung (Art. 122),anderes Tatmittel,41,16,25,1605508,0
2024,1,Schwere Gewalt (angewandt),31,Schwere Körperverletzung (Art. 122),ohne Angabe/unbekannt,1,1,0,1605508,0
2024,1,Schwere Gewalt (angewandt),32,Verstümmelung weiblicher Genitalien (Art. 124),,0,0,0,1605508,0
2024,1,Schwere Gewalt (angewandt),33,Geiselnahme (Art. 185),,0,0,0,1605508,0
2024,1,Schwere Gewalt (angewandt),34,Vergewaltigung (Art. 190),,214,193,21,1605508,0.1
2024,1,Schwere Gewalt (angewandt),35,Raub (Art.140 Ziff. 4),,39,33,6,1605508,0
2024,2,Minderschwere Gewalt (angewandt evtl. angedroht),41,Einfache Körperverletzung (Art. 123),,1428,1273,155,1605508,0.9
2024,2,Minderschwere Gewalt (angewandt evtl. angedroht),42,Tätlichkeiten (Art. 126),,3500,3499,1,1605508,2.2
2024,2,Minderschwere Gewalt (angewandt evtl. angedroht),43,Beteiligung Raufhandel (Art. 133),,227,227,0,1605508,0.1
2024,2,Minderschwere Gewalt (angewandt evtl. angedroht),44,Beteiligung Angriff (Art. 134),,355,353,2,1605508,0.2
2024,2,Minderschwere Gewalt (angewandt evtl. angedroht),45,Raub (Art. 140 Ziff. 1-3),,505,422,83,1605508,0.3
2024,2,Minderschwere Gewalt (angewandt evtl. angedroht),46,Nötigung (Art. 181),,898,791,107,1605508,0.6
2024,2,Minderschwere Gewalt (angewandt evtl. angedroht),47,Zwangsheirat (Art. 181a),,0,0,0,1605508,0
2024,2,Minderschwere Gewalt (angewandt evtl. angedroht),48,Freiheitsberaubung/Entführung (Art. 183),,89,53,36,1605508,0.1
2024,2,Minderschwere Gewalt (angewandt evtl. angedroht),49,Freiheitsberaubung/Entführung schwerer Fall (Art. 184),,0,0,0,1605508,0
2024,2,Minderschwere Gewalt (angewandt evtl. angedroht),50,Sexueller Übergriff und sexuelle Nötigung (Art. 189),,112,108,4,1605508,0.1
2024,2,Minderschwere Gewalt (angewandt evtl. angedroht),51,Gewalt und Drohung gegen Behörden und Beamte (Art. 285),,692,688,4,1605508,0.4
2024,2,Minderschwere Gewalt (angewandt evtl. angedroht),52,Erpressung (Art. 156 Ziff. 3),,17,12,5,1605508,0
2024,3,Minderschwere Gewalt (angedroht),61,Drohung (Art. 180),,1830,1824,6,1605508,1.1
2024,3,Minderschwere Gewalt (angedroht),62,"Erpressung (Art. 156 Ziff. 1,2,4)",,402,208,194,1605508,0.3
